minecraft:air,#00000000
minecraft:stone,#707070ff
minecraft:granite,#8B5A2BFF
minecraft:polished_granite,#8e5e45ff
minecraft:diorite,#b5b5b5ff
minecraft:polished_diorite,#d8d8d8ff
minecraft:andesite,#707070ff
minecraft:polished_andesite,#6D6D6DFF
minecraft:grass_block,#78A55AFF
minecraft:dirt,#7f5c38ff
minecraft:coarse_dirt,#886c3dff
minecraft:podzol,#7E5F3BFF
minecraft:cobblestone,#7F7F7Fff 
minecraft:oak_planks,#926113FF
minecraft:spruce_planks,#8B5A2BFF
minecraft:birch_planks,#D7CAB4FF
minecraft:jungle_planks,#8B5A2BFF
minecraft:acacia_planks,#de8c5eaa
minecraft:dark_oak_planks,#5E3B0AFF
minecraft:oak_sapling,#7F923AFF
minecraft:spruce_sapling,#267F31FF
minecraft:birch_sapling,#9ACD32FF
minecraft:jungle_sapling,#177800ff
minecraft:acacia_sapling,#74a12dff
minecraft:dark_oak_sapling,#986C39FF
minecraft:bedrock,#1f1f1f9f
minecraft:sand,#F1E09EAA
minecraft:red_sand,#C74B16FF
minecraft:gravel,#787878ff
minecraft:gold_ore,#FFD700FF
minecraft:iron_ore,#BBBDBFff
minecraft:coal_ore,#302D2EAA
minecraft:oak_log,#8B5A2BFF
minecraft:spruce_log,#8E562EAA
minecraft:birch_log,#D7CBA5FF
minecraft:jungle_log,#8b6914ff
minecraft:acacia_log,#8b5e37ff
minecraft:dark_oak_log,#4B321Fff
minecraft:stripped_oak_log,#A8865AFF
minecraft:stripped_spruce_log,#8C6046FF
minecraft:stripped_birch_log,#D8CDAFff
minecraft:stripped_jungle_log,#8B5A2BFF
minecraft:stripped_acacia_log,#D2A679FF
minecraft:stripped_dark_oak_log,#8B5A2BFF
minecraft:stripped_oak_wood,#b47c5dff
minecraft:stripped_spruce_wood,#9c7242ff
minecraft:stripped_birch_wood,#D7CDA4FF
minecraft:stripped_jungle_wood,#866E3Fff
minecraft:stripped_acacia_wood,#D88B53FF
minecraft:stripped_dark_oak_wood,#5E3B0BAA
minecraft:oak_wood,#8B5A2BFF
minecraft:spruce_wood,#8D704Fff
minecraft:birch_wood,#D7C9A6FF
minecraft:jungle_wood,#75523BFF
minecraft:acacia_wood,#CD853Fff
minecraft:dark_oak_wood,#3E1C06FF
minecraft:oak_leaves,#FF7F27AA
minecraft:spruce_leaves,#007F0EAA
minecraft:birch_leaves,#80C71FBB
minecraft:jungle_leaves,#638224ff
minecraft:acacia_leaves,#7DBB54FF
minecraft:dark_oak_leaves,#ffb31a99
minecraft:sponge,#e8e061ff
minecraft:wet_sponge,#7FB8B7FF
minecraft:glass,#00ffffff
minecraft:lapis_ore,#1B4F8FFF
minecraft:lapis_block,#15317EFF
minecraft:dispenser,#A07954FF
minecraft:sandstone,#F1E6B1FF
minecraft:chiseled_sandstone,#deb887ff
minecraft:cut_sandstone,#C2B280FF
minecraft:note_block,#AEAEAEFF
minecraft:powered_rail,#FFEB00FF
minecraft:detector_rail,#b34343ff
minecraft:sticky_piston,#8B4513FF
minecraft:cobweb,#C9BEBEAA
minecraft:grass,#6FCA4DFF
minecraft:fern,#68b73cff
minecraft:dead_bush,#7F7F7FFF
minecraft:seagrass,#239B56FF
minecraft:sea_pickle, #45C2C4FF
minecraft:piston,#ff7f00ff
minecraft:white_wool,#ffffff00
minecraft:orange_wool,#FFA500FF
minecraft:magenta_wool,#b44e9cff
minecraft:light_blue_wool,#add8e6ff
minecraft:yellow_wool,#ffff55ff
minecraft:lime_wool,#9bd130ff
minecraft:pink_wool,#ff9eb9ff
minecraft:gray_wool,#9c9c9cff
minecraft:light_gray_wool,#D3D3D3FF
minecraft:cyan_wool,#00FFFFAA
minecraft:purple_wool,#9b55c5ff
minecraft:blue_wool,#3a67a9ff
minecraft:brown_wool,#8B5A2BFF
minecraft:green_wool,#70C05AFF
minecraft:red_wool,#c23637ff
minecraft:black_wool,#1b1b1bff
minecraft:dandelion,#ffff55ff
minecraft:poppy,#ff0000ff
minecraft:tallgrass,#7CC82A99
minecraft:water,#3F76E4FF
minecraft:tall_seagrass,#3EB489FF
minecraft:stone_bricks,#828282ff
minecraft:clay,#b55f3dff
minecraft:green_carpet,#9DBC82FF
minecraft:azalea_leaves,#6AA84F87
minecraft:flowering_azalea_leaves,#8BC34AFF
minecraft:kelp,#2F8136FF
minecraft:oak_slab,#8b572aFF
minecraft:barrel,#A05025FF
minecraft:cobblestone_wall,#707070ff
minecraft:chest,#9C5A2Fff
minecraft:cyan_carpet,#6b9bc5ff
minecraft:warped_fence,#3A6EA5FF
minecraft:sea_lantern,#E5F2FDFF
minecraft:warped_trapdoor,#3E7DCCFF
minecraft:warped_pressure_plate,#683A87FF
minecraft:kelp_plant,#2EC56EAA
minecraft:stone_brick_wal,#9E9E9EAA
minecraft:soul_lantern,#42E2F5FF
minecraft:stone_brick_wall,#8B8B8BFF
minecraft:black_banner,#000000ff
minecraft:diorite_wall,#b4a3a3ff
minecraft:player_head, #f5deb3ff
minecraft:stone_brick_wall,#CFCFCFFF
minecraft:diorite_wall,#B2ADA8FF
minecraft:polished_diorite_stairs,#b8aeb3ff
minecraft:calcite,#F7F7F7FF
minecraft:oak_fence,#8B6B57FF
minecraft:chain,#9b8676ff
minecraft:warped_slab,#3F7648FF
minecraft:dark_oak_slab,#573D23FF
minecraft:dark_oak_stairs,#59330aFF
minecraft:polished_diorite_slab,#b0ababff
minecraft:dark_oak_wall_sign,#735C38FF
minecraft:oxeye_daisy,#FFFFFFAA
minecraft:oak_trapdoor,#8B5A2BFF
minecraft:cyan_stained_glass_pane,#4AC8D6FF
minecraft:spruce_slab,#7B4D2CFF
minecraft:oak_fence_gate,#8B6B47FF
minecraft:hay_block,#deb887ff
minecraft:warped_planks,#3D2E63FF
minecraft:spruce_slab,#8E6D3BFF
minecraft:farmland,#7B481EAA
minecraft:wheat,#C9B27FFF
minecraft:grindstone,#7C7C7CFF
minecraft:oak_wall_sign,#8B5A2BFF
minecraft:lantern,#FFAA33FF
minecraft:spruce_door,#7E5D3Fff
minecraft:stripped_warped_stem,#7FA2A6FF
minecraft:soul_campfire,#3BE5E5FF
minecraft:dark_oak_fence_gate,#4c342eaa
minecraft:oak_stairs,#8B572AFF
minecraft:dark_oak_fence,#A15C36FF
minecraft:lectern,#AD8F61FF
minecraft:diorite_slab,#BFBFBF88
minecraft:black_wall_banner,#1F1F23FF
minecraft:ladder,#B1825FFF
minecraft:diorite_stairs,#CACACAFF
minecraft:composter,#5E402DFF
minecraft:bell,#C69C6EAA
minecraft:tall_grass,#7DAA2CFF
minecraft:dark_oak_trapdoor,#3F2A14FF
minecraft:warped_stairs,#4C3AB1FF